filename,VehId,DayNum,Trip,Vehicle Type,Vehicle Class,Engine Configuration & Displacement,Transmission,Drive Wheels,Generalized_Weight,Absolute Load[%]_mean,Absolute Load[%]_median,Absolute Load[%]_std,Absolute Load[%]_min,Absolute Load[%]_max,Absolute Load[%]_q25,Absolute Load[%]_q75,Absolute Load[%]_range,Air Conditioning Power[Watts]_mean,Air Conditioning Power[Watts]_median,Air Conditioning Power[Watts]_std,Air Conditioning Power[Watts]_min,Air Conditioning Power[Watts]_max,Air Conditioning Power[Watts]_q25,Air Conditioning Power[Watts]_q75,Air Conditioning Power[Watts]_range,Air Conditioning Power[kW]_mean,Air Conditioning Power[kW]_median,Air Conditioning Power[kW]_std,Air Conditioning Power[kW]_min,Air Conditioning Power[kW]_max,Air Conditioning Power[kW]_q25,Air Conditioning Power[kW]_q75,Air Conditioning Power[kW]_range,Engine RPM[RPM]_mean,Engine RPM[RPM]_median,Engine RPM[RPM]_std,Engine RPM[RPM]_min,Engine RPM[RPM]_max,Engine RPM[RPM]_q25,Engine RPM[RPM]_q75,Engine RPM[RPM]_range,HV Battery SOC[%]_mean,HV Battery SOC[%]_median,HV Battery SOC[%]_std,HV Battery SOC[%]_min,HV Battery SOC[%]_max,HV Battery SOC[%]_q25,HV Battery SOC[%]_q75,HV Battery SOC[%]_range,Heater Power[Watts]_mean,Heater Power[Watts]_median,Heater Power[Watts]_std,Heater Power[Watts]_min,Heater Power[Watts]_max,Heater Power[Watts]_q25,Heater Power[Watts]_q75,Heater Power[Watts]_range,Long Term Fuel Trim Bank 1[%]_mean,Long Term Fuel Trim Bank 1[%]_median,Long Term Fuel Trim Bank 1[%]_std,Long Term Fuel Trim Bank 1[%]_min,Long Term Fuel Trim Bank 1[%]_max,Long Term Fuel Trim Bank 1[%]_q25,Long Term Fuel Trim Bank 1[%]_q75,Long Term Fuel Trim Bank 1[%]_range,Long Term Fuel Trim Bank 2[%]_mean,Long Term Fuel Trim Bank 2[%]_median,Long Term Fuel Trim Bank 2[%]_std,Long Term Fuel Trim Bank 2[%]_min,Long Term Fuel Trim Bank 2[%]_max,Long Term Fuel Trim Bank 2[%]_q25,Long Term Fuel Trim Bank 2[%]_q75,Long Term Fuel Trim Bank 2[%]_range,MAF[g/sec]_mean,MAF[g/sec]_median,MAF[g/sec]_std,MAF[g/sec]_min,MAF[g/sec]_max,MAF[g/sec]_q25,MAF[g/sec]_q75,MAF[g/sec]_range,OAT[DegC]_mean,OAT[DegC]_median,OAT[DegC]_std,OAT[DegC]_min,OAT[DegC]_max,OAT[DegC]_q25,OAT[DegC]_q75,OAT[DegC]_range,Short Term Fuel Trim Bank 1[%]_mean,Short Term Fuel Trim Bank 1[%]_median,Short Term Fuel Trim Bank 1[%]_std,Short Term Fuel Trim Bank 1[%]_min,Short Term Fuel Trim Bank 1[%]_max,Short Term Fuel Trim Bank 1[%]_q25,Short Term Fuel Trim Bank 1[%]_q75,Short Term Fuel Trim Bank 1[%]_range,Short Term Fuel Trim Bank 2[%]_mean,Short Term Fuel Trim Bank 2[%]_median,Short Term Fuel Trim Bank 2[%]_std,Short Term Fuel Trim Bank 2[%]_min,Short Term Fuel Trim Bank 2[%]_max,Short Term Fuel Trim Bank 2[%]_q25,Short Term Fuel Trim Bank 2[%]_q75,Short Term Fuel Trim Bank 2[%]_range,Vehicle Speed[km/h]_mean,Vehicle Speed[km/h]_median,Vehicle Speed[km/h]_std,Vehicle Speed[km/h]_min,Vehicle Speed[km/h]_max,Vehicle Speed[km/h]_q25,Vehicle Speed[km/h]_q75,Vehicle Speed[km/h]_range,Y_consumption_combustion_L_per_100km,Y_consumption_electric_kWh_per_km
Trip_756_VED_171115_week,417,17.9650022037,756,PHEV,Car,4-GAS/ELECTRIC 2.0L,CVT,FWD,4000,0.0,0.0,0.0,0.0,0.0,0.0,0.0,0.0,15.776499589153657,0.0,53.93321900044727,0.0,200.0,0.0,0.0,200.0,0.0,0.0,0.0,0.0,0.0,0.0,0.0,0.0,1220.2481511914543,1160.0,209.49739560453344,1040.0,3162.0,1156.0,1176.0,2122.0,68.17007261351256,68.0911407471,0.4039502840286949,67.6329116821,68.7949447632,67.7721557617,68.7518997192,1.1620330810999917,0.0,0.0,0.0,0.0,0.0,0.0,0.0,0.0,0.0,0.0,0.0,0.0,0.0,0.0,0.0,0.0,0.0,0.0,0.0,0.0,0.0,0.0,0.0,0.0,6.034297307985127,3.84999990463,5.045502935469889,1.94999992847,43.9799995422,3.08999991417,8.18999958038,42.02999961373,6.837510271158587,6.75,0.1601298715352741,6.5,7.0,6.75,7.0,0.5,0.0,0.0,0.0,0.0,0.0,0.0,0.0,0.0,0.0,0.0,0.0,0.0,0.0,0.0,0.0,0.0,30.4852170934162,31.4799995422,20.13834625000222,0.0,64.5299987793,11.2399997711,48.1699981689,64.5299987793,0.0,0.0076450672017486
Trip_2267_VED_180808_week,561,283.90323863,2267,PHEV,Car,4-GAS/ELECTRIC 2.0L,CVT,FWD,4000,0.0,0.0,0.0,0.0,0.0,0.0,0.0,0.0,0.0,0.0,0.0,0.0,0.0,0.0,0.0,0.0,0.0,0.0,0.0,0.0,0.0,0.0,0.0,0.0,582.4898584003062,0.0,809.0678443691902,0.0,2418.0,0.0,1294.0,2418.0,0.0232720887163712,0.0,0.1128318698531194,0.0,0.658228397369,0.0,0.0,0.658228397369,0.0,0.0,0.0,0.0,0.0,0.0,0.0,0.0,0.0,0.0,0.0,0.0,0.0,0.0,0.0,0.0,0.0,0.0,0.0,0.0,0.0,0.0,0.0,0.0,5.6795942153101455,0.709999978542,8.437010399012227,0.709999978542,33.7299995422,0.709999978542,6.35999965668,33.019999563658,29.94269039418293,29.5,1.397582602616617,28.0,32.75,29.0,30.5,4.75,-0.2018154420206659,0.0,1.0938687212196867,-7.03125,3.125,0.0,0.0,10.15625,-6.834517317259855,-7.03125,0.5873423580180172,-7.03125,-4.6875,-7.03125,-7.03125,2.34375,31.47514666074865,35.6899986267,24.13937263334952,0.0,74.9700012207,0.140000000596,51.8699989319,74.9700012207,0.0,0.0123380786573938
Trip_857_VED_171227_week,388,61.8067469352,857,PHEV,Car,4-GAS/ELECTRIC 2.0L,CVT,FWD,4000,0.0,0.0,0.0,0.0,0.0,0.0,0.0,0.0,0.0,0.0,0.0,0.0,0.0,0.0,0.0,0.0,0.0,0.0,0.0,0.0,0.0,0.0,0.0,0.0,871.7474747474747,262.0,925.8245532604903,0.0,2716.0,0.0,1782.0,2716.0,0.0,0.0,0.0,0.0,0.0,0.0,0.0,0.0,0.0,0.0,0.0,0.0,0.0,0.0,0.0,0.0,0.0,0.0,0.0,0.0,0.0,0.0,0.0,0.0,0.0,0.0,0.0,0.0,0.0,0.0,0.0,0.0,8.848939149367375,4.11000013351,10.220652700897226,0.709999978542,33.6599998474,0.709999978542,16.4949994087,32.949999868858,-7.518939393939394,-8.0,0.5448954506562004,-8.0,-6.75,-8.0,-7.0,1.25,0.0,0.0,0.0,0.0,0.0,0.0,0.0,0.0,0.0,0.0,0.0,0.0,0.0,0.0,0.0,0.0,46.97712024820588,49.359998703,16.69229286812005,0.0,64.6699981689,39.75,61.06499862675,64.6699981689,0.0,0.0089157678445664
Trip_326_VED_180131_week,560,93.5665778426,326,PHEV,Car,4-GAS/ELECTRIC 1.8L,CVT,FWD,3000,0.0,0.0,0.0,0.0,0.0,0.0,0.0,0.0,0.0,0.0,0.0,0.0,0.0,0.0,0.0,0.0,0.0,0.0,0.0,0.0,0.0,0.0,0.0,0.0,915.1538461538462,1107.0,819.1008123168879,0.0,3378.0,0.0,1442.0,3378.0,0.1157580283793876,0.0,0.3200540705453407,0.0,1.0,0.0,0.0,1.0,0.0,0.0,0.0,0.0,0.0,0.0,0.0,0.0,0.0,0.0,0.0,0.0,0.0,0.0,0.0,0.0,0.0,0.0,0.0,0.0,0.0,0.0,0.0,0.0,7.507132009950872,5.55999994278,8.390877028173481,0.170000001788,49.5399971008,0.179999992251,12.5099992752,49.369997099012,-6.785660941000747,-7.0,0.4105163634425811,-7.0,-6.0,-7.0,-7.0,1.0,0.0,0.0,0.0,0.0,0.0,0.0,0.0,0.0,0.0,0.0,0.0,0.0,0.0,0.0,0.0,0.0,44.91859596713966,49.0,16.91604449201757,0.0,72.0,35.0,57.0,72.0,0.0,0.0098062081835809
Trip_1838_VED_180103_week,11,69.4379813704,1838,PHEV,Car,4-GAS/ELECTRIC 2.0L,CVT,FWD,4000,0.0,0.0,0.0,0.0,0.0,0.0,0.0,0.0,0.0,0.0,0.0,0.0,0.0,0.0,0.0,0.0,0.0,0.0,0.0,0.0,0.0,0.0,0.0,0.0,933.5893719806764,1084.0,925.499833796044,0.0,2204.0,0.0,1938.0,2204.0,0.0,0.0,0.0,0.0,0.0,0.0,0.0,0.0,0.0,0.0,0.0,0.0,0.0,0.0,0.0,0.0,0.0,0.0,0.0,0.0,0.0,0.0,0.0,0.0,0.0,0.0,0.0,0.0,0.0,0.0,0.0,0.0,10.614661646925455,2.32999992371,12.256725787621386,0.870000004768,36.75,0.870000004768,24.3400001526,35.879999995232,-20.71074879227053,-20.75,0.5326498876781766,-21.25,-18.5,-21.25,-20.0,2.75,0.0,0.0,0.0,0.0,0.0,0.0,0.0,0.0,0.0,0.0,0.0,0.0,0.0,0.0,0.0,0.0,54.06768000413888,58.80999946595,12.20787075469607,10.6799993515,67.1800003052,49.317499160775,62.61499881745,56.5000009537,0.0,0.0013680570422957
Trip_190_VED_171220_week,560,51.99957975,190,PHEV,Car,4-GAS/ELECTRIC 1.8L,CVT,FWD,3000,0.0,0.0,0.0,0.0,0.0,0.0,0.0,0.0,2.7957860615883305,0.0,20.2894723838327,0.0,150.0,0.0,0.0,150.0,0.0,0.0,0.0,0.0,0.0,0.0,0.0,0.0,601.0583468395462,0.0,851.9401231059396,0.0,3405.0,0.0,1270.0,3405.0,0.0102647217720151,0.0,0.1008072531581448,0.0,1.0,0.0,0.0,1.0,0.0,0.0,0.0,0.0,0.0,0.0,0.0,0.0,0.0,0.0,0.0,0.0,0.0,0.0,0.0,0.0,0.0,0.0,0.0,0.0,0.0,0.0,0.0,0.0,5.04779297536397,0.189999990165,7.905238361904696,0.170000001788,40.7799987793,0.179999992251,10.1999998093,40.609998777512,4.817396002160994,5.0,0.3863937206953826,4.0,5.0,5.0,5.0,1.0,0.0,0.0,0.0,0.0,0.0,0.0,0.0,0.0,0.0,0.0,0.0,0.0,0.0,0.0,0.0,0.0,34.41788222582388,37.0,19.39320332223939,0.0,73.0,19.0,51.0,73.0,0.0,0.0126035402210377
Trip_1630_VED_180509_week,561,190.612491037,1630,PHEV,Car,4-GAS/ELECTRIC 2.0L,CVT,FWD,4000,0.0,0.0,0.0,0.0,0.0,0.0,0.0,0.0,0.0,0.0,0.0,0.0,0.0,0.0,0.0,0.0,0.0,0.0,0.0,0.0,0.0,0.0,0.0,0.0,406.27005870841487,0.0,739.0306703516624,0.0,2488.0,0.0,400.0,2488.0,0.0,0.0,0.0,0.0,0.0,0.0,0.0,0.0,0.0,0.0,0.0,0.0,0.0,0.0,0.0,0.0,0.0,0.0,0.0,0.0,0.0,0.0,0.0,0.0,0.0,0.0,0.0,0.0,0.0,0.0,0.0,0.0,4.422406933740048,0.709999978542,8.032884128273007,0.709999978542,38.719997406,0.709999978542,2.12999987602,38.009997427458,19.933300717547294,19.75,1.0774487860979638,18.75,22.25,19.0,20.25,3.5,0.0,0.0,0.0,0.0,0.0,0.0,0.0,0.0,0.0,0.0,0.0,0.0,0.0,0.0,0.0,0.0,21.71840137113473,13.9299993515,23.51337180083941,0.0,72.5800018311,0.0,42.3699989319,72.5800018311,0.0,0.0465094613755001
Trip_82_VED_171122_week,560,23.6261414815,82,PHEV,Car,4-GAS/ELECTRIC 1.8L,CVT,FWD,3000,0.0,0.0,0.0,0.0,0.0,0.0,0.0,0.0,0.0,0.0,0.0,0.0,0.0,0.0,0.0,0.0,0.0,0.0,0.0,0.0,0.0,0.0,0.0,0.0,1057.938808373591,1027.0,831.458585932284,0.0,3514.0,0.0,1527.0,3514.0,1.6328502415458936,1.0,0.9657771858443966,1.0,4.0,1.0,3.0,3.0,0.0,0.0,0.0,0.0,0.0,0.0,0.0,0.0,0.0,0.0,0.0,0.0,0.0,0.0,0.0,0.0,0.0,0.0,0.0,0.0,0.0,0.0,0.0,0.0,7.983784044948282,6.08999967575,8.504460198856203,0.170000001788,48.1499977112,0.789999961853,12.75,47.979997709412,7.0,7.0,0.0,7.0,7.0,7.0,7.0,0.0,0.0,0.0,0.0,0.0,0.0,0.0,0.0,0.0,0.0,0.0,0.0,0.0,0.0,0.0,0.0,0.0,55.57326892109501,62.0,20.27066513319385,0.0,77.0,49.0,71.0,77.0,0.0,0.0075056341772345
Trip_285_VED_171108_week,536,14.96863,285,PHEV,Car,4-GAS/ELECTRIC 1.4L,NO DATA,FWD,4000,0.0,0.0,0.0,0.0,0.0,0.0,0.0,0.0,0.0,0.0,0.0,0.0,0.0,0.0,0.0,0.0,0.0,0.0,0.0,0.0,0.0,0.0,0.0,0.0,1033.3962962962962,1478.0,869.1487622898333,0.0,2176.0,0.0,1883.0,2176.0,0.8162675166574522,0.784313976765,0.25327632793478,0.392156988382,1.17647099495,0.784313976765,1.07843174040375,0.7843140065680001,0.0,0.0,0.0,0.0,0.0,0.0,0.0,0.0,0.0,0.0,0.0,0.0,0.0,0.0,0.0,0.0,0.0,0.0,0.0,0.0,0.0,0.0,0.0,0.0,0.0,0.0,0.0,0.0,0.0,0.0,0.0,0.0,3.0,3.0,0.0,3.0,3.0,3.0,3.0,0.0,0.0,0.0,0.0,0.0,0.0,0.0,0.0,0.0,0.0,0.0,0.0,0.0,0.0,0.0,0.0,0.0,38.07824074074074,46.09375,20.661369896531745,0.0,61.84375,23.72265625,55.19140625,61.84375,9.818271047433107,0.0396908367728811
Trip_294_VED_171115_week,536,19.9625019815,294,PHEV,Car,4-GAS/ELECTRIC 1.4L,NO DATA,FWD,4000,0.0,0.0,0.0,0.0,0.0,0.0,0.0,0.0,0.0,0.0,0.0,0.0,0.0,0.0,0.0,0.0,0.0,0.0,0.0,0.0,0.0,0.0,0.0,0.0,842.5438829787234,0.0,892.474632753785,0.0,2500.0,0.0,1830.0,2500.0,0.154359665639867,0.0,0.2845819776770164,0.0,0.784313976765,0.0,0.0980392470955,0.784313976765,0.0,0.0,0.0,0.0,0.0,0.0,0.0,0.0,0.0,0.0,0.0,0.0,0.0,0.0,0.0,0.0,0.0,0.0,0.0,0.0,0.0,0.0,0.0,0.0,0.0,0.0,0.0,0.0,0.0,0.0,0.0,0.0,5.724734042553192,5.5,0.2488855233630404,5.5,6.0,5.5,6.0,0.5,0.0,0.0,0.0,0.0,0.0,0.0,0.0,0.0,0.0,0.0,0.0,0.0,0.0,0.0,0.0,0.0,20.99715342420213,19.484375,16.678469585716346,0.0,55.859375,5.015625,35.40625,55.859375,18.05080966774178,0.0912411782337316
Trip_614_VED_180418_week,560,173.971844102,614,PHEV,Car,4-GAS/ELECTRIC 1.8L,CVT,FWD,3000,0.0,0.0,0.0,0.0,0.0,0.0,0.0,0.0,0.0,0.0,0.0,0.0,0.0,0.0,0.0,0.0,0.0,0.0,0.0,0.0,0.0,0.0,0.0,0.0,769.9690909090909,439.0,837.3918035846355,0.0,2783.0,0.0,1425.0,2783.0,0.2318181818181818,0.0,0.5327204235944185,0.0,2.0,0.0,0.0,2.0,0.0,0.0,0.0,0.0,0.0,0.0,0.0,0.0,0.0,0.0,0.0,0.0,0.0,0.0,0.0,0.0,0.0,0.0,0.0,0.0,0.0,0.0,0.0,0.0,5.737663499506384,1.00999999046,6.96628674048714,0.179999992251,28.25,0.179999992251,11.3699998856,28.070000007749,14.01909090909091,14.0,0.5052941655410609,13.0,15.0,14.0,14.0,2.0,0.0,0.0,0.0,0.0,0.0,0.0,0.0,0.0,0.0,0.0,0.0,0.0,0.0,0.0,0.0,0.0,38.52454545454545,42.0,19.45691998909361,0.0,71.0,25.0,54.0,71.0,0.0,0.0470303664707419
Trip_555_VED_171206_week,569,40.7455323889,555,PHEV,Car,4-GAS/ELECTRIC 1.4L,NO DATA,FWD,4000,0.0,0.0,0.0,0.0,0.0,0.0,0.0,0.0,0.0,0.0,0.0,0.0,0.0,0.0,0.0,0.0,0.0,0.0,0.0,0.0,0.0,0.0,0.0,0.0,692.1711711711712,0.0,1001.2710546997376,0.0,2388.0,0.0,1954.0,2388.0,0.0,0.0,0.0,0.0,0.0,0.0,0.0,0.0,0.0,0.0,0.0,0.0,0.0,0.0,0.0,0.0,0.0,0.0,0.0,0.0,0.0,0.0,0.0,0.0,0.0,0.0,0.0,0.0,0.0,0.0,0.0,0.0,0.0,0.0,0.0,0.0,0.0,0.0,0.0,0.0,-1.5,-1.5,0.0,-1.5,-1.5,-1.5,-1.5,0.0,0.0,0.0,0.0,0.0,0.0,0.0,0.0,0.0,0.0,0.0,0.0,0.0,0.0,0.0,0.0,0.0,24.730292792792792,15.125,18.01152994336431,0.0,57.171875,15.125,43.8046875,57.171875,18.08059762236854,0.157217112657077
Trip_1272_VED_180307_week,569,127.219967463,1272,PHEV,Car,4-GAS/ELECTRIC 1.4L,NO DATA,FWD,4000,0.0,0.0,0.0,0.0,0.0,0.0,0.0,0.0,0.0,0.0,0.0,0.0,0.0,0.0,0.0,0.0,0.0,0.0,0.0,0.0,0.0,0.0,0.0,0.0,804.3923723335488,0.0,922.8094382206316,0.0,2397.0,0.0,1880.0,2397.0,0.0,0.0,0.0,0.0,0.0,0.0,0.0,0.0,0.0,0.0,0.0,0.0,0.0,0.0,0.0,0.0,0.0,0.0,0.0,0.0,0.0,0.0,0.0,0.0,0.0,0.0,0.0,0.0,0.0,0.0,0.0,0.0,0.0,0.0,0.0,0.0,0.0,0.0,0.0,0.0,-0.4634776987718164,-0.5,0.1301469216059212,-0.5,0.0,-0.5,-0.5,0.5,0.0,0.0,0.0,0.0,0.0,0.0,0.0,0.0,0.0,0.0,0.0,0.0,0.0,0.0,0.0,0.0,26.29499636393019,31.578125,20.627138999439747,0.0,59.546875,0.0,44.703125,59.546875,24.312653596113165,0.1627930906844863
Trip_2258_VED_180502_week,449,185.85764337,2258,PHEV,Car,4-GAS/ELECTRIC 2.0L,CVT,FWD,4000,0.0,0.0,0.0,0.0,0.0,0.0,0.0,0.0,10.452261306532664,0.0,63.84160859770149,0.0,400.0,0.0,0.0,400.0,0.0,0.0,0.0,0.0,0.0,0.0,0.0,0.0,754.2834170854271,0.0,931.934408921342,0.0,2638.0,0.0,1746.0,2638.0,0.216016709624613,0.0,0.3927492002649999,0.0,1.18987166882,0.0,0.607594370842,1.18987166882,0.0,0.0,0.0,0.0,0.0,0.0,0.0,0.0,0.0,0.0,0.0,0.0,0.0,0.0,0.0,0.0,0.0,0.0,0.0,0.0,0.0,0.0,0.0,0.0,8.023537501320886,0.709999978542,10.431989300784108,0.709999978542,35.8400001526,0.709999978542,16.5100002289,35.130000174058,29.951005025125628,30.0,0.879597147463445,28.5,31.25,29.25,31.0,2.75,0.0,0.0,0.0,0.0,0.0,0.0,0.0,0.0,0.0,0.0,0.0,0.0,0.0,0.0,0.0,0.0,45.71318493913772,49.6800003052,25.65209540609128,0.0,102.579994202,29.63000011445,61.5499992371,102.579994202,0.0,0.0109973457755609
Trip_1731_VED_171129_week,11,34.0510208704,1731,PHEV,Car,4-GAS/ELECTRIC 2.0L,CVT,FWD,4000,0.0,0.0,0.0,0.0,0.0,0.0,0.0,0.0,0.0,0.0,0.0,0.0,0.0,0.0,0.0,0.0,0.0,0.0,0.0,0.0,0.0,0.0,0.0,0.0,1122.0049200492006,938.0,1080.161222218987,0.0,2490.0,0.0,2246.0,2490.0,0.0,0.0,0.0,0.0,0.0,0.0,0.0,0.0,0.0,0.0,0.0,0.0,0.0,0.0,0.0,0.0,0.0,0.0,0.0,0.0,0.0,0.0,0.0,0.0,0.0,0.0,0.0,0.0,0.0,0.0,0.0,0.0,12.819925944745716,2.30999994278,12.899841530058632,0.870000004768,39.5,0.870000004768,26.7199993134,38.629999995232,3.163591635916359,3.25,0.5856371129866139,2.0,3.75,2.75,3.75,1.75,0.0,0.0,0.0,0.0,0.0,0.0,0.0,0.0,0.0,0.0,0.0,0.0,0.0,0.0,0.0,0.0,69.61981401436752,75.4300003052,27.87625021279051,0.0,103.619995117,50.7000007629,94.5,103.619995117,0.0,0.0083805118894405
Trip_195_VED_171220_week,560,53.6200043148,195,PHEV,Car,4-GAS/ELECTRIC 1.8L,CVT,FWD,3000,0.0,0.0,0.0,0.0,0.0,0.0,0.0,0.0,0.0,0.0,0.0,0.0,0.0,0.0,0.0,0.0,0.0,0.0,0.0,0.0,0.0,0.0,0.0,0.0,764.3122187608169,0.0,881.3827641841696,0.0,3500.0,0.0,1390.0,3500.0,1.3769470404984423,1.0,1.5268266695931871,0.0,6.0,0.0,2.0,6.0,0.0,0.0,0.0,0.0,0.0,0.0,0.0,0.0,0.0,0.0,0.0,0.0,0.0,0.0,0.0,0.0,0.0,0.0,0.0,0.0,0.0,0.0,0.0,0.0,6.532336306740093,0.819999992847,8.853776647032523,0.170000001788,48.8099975586,0.179999992251,12.0,48.639997556812006,0.0,0.0,0.0,0.0,0.0,0.0,0.0,0.0,0.0,0.0,0.0,0.0,0.0,0.0,0.0,0.0,0.0,0.0,0.0,0.0,0.0,0.0,0.0,0.0,40.56940117687781,46.0,21.3154835509564,0.0,74.0,23.0,59.0,74.0,0.0,0.0050706639573852
Trip_2157_VED_181031_week,388,368.817052509,2157,PHEV,Car,4-GAS/ELECTRIC 2.0L,CVT,FWD,4000,0.0,0.0,0.0,0.0,0.0,0.0,0.0,0.0,0.0,0.0,0.0,0.0,0.0,0.0,0.0,0.0,0.0,0.0,0.0,0.0,0.0,0.0,0.0,0.0,859.7829209896249,0.0,981.4507538496448,0.0,2962.0,0.0,1844.0,2962.0,0.0,0.0,0.0,0.0,0.0,0.0,0.0,0.0,0.0,0.0,0.0,0.0,0.0,0.0,0.0,0.0,0.0,0.0,0.0,0.0,0.0,0.0,0.0,0.0,0.0,0.0,0.0,0.0,0.0,0.0,0.0,0.0,9.87932142722388,2.13999986649,12.092900838284578,0.709999978542,44.0599975586,0.709999978542,19.9499988556,43.349997580058,6.216879489225858,6.25,0.2513946701781644,5.25,6.5,6.25,6.25,1.25,-0.1633579409417398,0.0,2.1403632085950406,-12.5,10.15625,0.0,0.0,22.65625,0.3242218675179569,0.0,0.902883478271768,0.0,3.125,0.0,0.0,3.125,44.07663913363726,50.25,22.84892106422966,0.0,74.0199966431,33.1599998474,62.0399971008,74.0199966431,0.0,0.0169800249370919
Trip_1934_VED_180516_week,569,199.080233722,1934,PHEV,Car,4-GAS/ELECTRIC 1.4L,NO DATA,FWD,4000,0.0,0.0,0.0,0.0,0.0,0.0,0.0,0.0,0.0,0.0,0.0,0.0,0.0,0.0,0.0,0.0,0.0,0.0,0.0,0.0,0.0,0.0,0.0,0.0,842.5240284162139,0.0,896.7198934185978,0.0,2447.0,0.0,1815.0,2447.0,1.17647099495,1.17647099495,0.0,1.17647099495,1.17647099495,1.17647099495,1.17647099495,0.0,0.0,0.0,0.0,0.0,0.0,0.0,0.0,0.0,0.0,0.0,0.0,0.0,0.0,0.0,0.0,0.0,0.0,0.0,0.0,0.0,0.0,0.0,0.0,0.0,0.0,0.0,0.0,0.0,0.0,0.0,0.0,0.0,16.760969494358545,16.5,0.4672710171843049,16.0,19.5,16.5,17.0,3.5,0.0,0.0,0.0,0.0,0.0,0.0,0.0,0.0,0.0,0.0,0.0,0.0,0.0,0.0,0.0,0.0,35.979726023819474,39.75,18.12066049021631,0.0,63.671875,24.453125,51.171875,63.671875,8.384121759217697,0.0264607910821792
Trip_445_VED_180307_week,560,129.571843639,445,PHEV,Car,4-GAS/ELECTRIC 1.8L,CVT,FWD,3000,0.0,0.0,0.0,0.0,0.0,0.0,0.0,0.0,13.404255319148936,0.0,36.83192894940904,0.0,150.0,0.0,0.0,150.0,0.0,0.0,0.0,0.0,0.0,0.0,0.0,0.0,801.8005319148937,114.0,938.302170196868,0.0,4256.0,0.0,1493.0,4256.0,0.3401595744680851,0.0,0.8525092306612763,0.0,3.0,0.0,0.0,3.0,0.0,0.0,0.0,0.0,0.0,0.0,0.0,0.0,0.0,0.0,0.0,0.0,0.0,0.0,0.0,0.0,0.0,0.0,0.0,0.0,0.0,0.0,0.0,0.0,6.580018482217953,1.06999993324,8.826510463010171,0.170000001788,55.9799995422,0.179999992251,11.8199996948,55.809999540412,0.0,0.0,0.0,0.0,0.0,0.0,0.0,0.0,0.0,0.0,0.0,0.0,0.0,0.0,0.0,0.0,0.0,0.0,0.0,0.0,0.0,0.0,0.0,0.0,40.30106382978723,44.0,19.809045819713063,0.0,79.0,25.0,57.0,79.0,0.0,0.0113142762370419
Trip_664_VED_171122_week,398,24.6128937222,664,PHEV,Car,4-GAS/ELECTRIC 1.8L,CVT,FWD,3000,0.0,0.0,0.0,0.0,0.0,0.0,0.0,0.0,0.0,0.0,0.0,0.0,0.0,0.0,0.0,0.0,0.0,0.0,0.0,0.0,0.0,0.0,0.0,0.0,801.1284403669724,1132.0,741.3897778499926,0.0,2442.0,0.0,1492.0,2442.0,0.0,0.0,0.0,0.0,0.0,0.0,0.0,0.0,0.0,0.0,0.0,0.0,0.0,0.0,0.0,0.0,0.0,0.0,0.0,0.0,0.0,0.0,0.0,0.0,0.0,0.0,0.0,0.0,0.0,0.0,0.0,0.0,6.667078167209726,2.73000001907,6.634679231444576,0.170000001788,24.3400001526,0.179999992251,13.0399999619,24.170000150812,0.5744530698659139,0.0,0.747120272354051,0.0,2.0,0.0,1.0,2.0,0.0,0.0,0.0,0.0,0.0,0.0,0.0,0.0,0.0,0.0,0.0,0.0,0.0,0.0,0.0,0.0,37.35850388143966,39.0,14.396765762723067,0.0,61.0,28.0,50.0,61.0,0.0,0.0043300116594801
Trip_8_VED_171101_week,560,3.63536432407,8,PHEV,Car,4-GAS/ELECTRIC 1.8L,CVT,FWD,3000,0.0,0.0,0.0,0.0,0.0,0.0,0.0,0.0,0.0,0.0,0.0,0.0,0.0,0.0,0.0,0.0,0.0,0.0,0.0,0.0,0.0,0.0,0.0,0.0,939.0544303797468,1040.0,928.8117206927298,0.0,3833.0,0.0,1452.0,3833.0,1.1063291139240503,1.0,1.0446728612875649,0.0,3.0,0.0,2.0,3.0,0.0,0.0,0.0,0.0,0.0,0.0,0.0,0.0,0.0,0.0,0.0,0.0,0.0,0.0,0.0,0.0,0.0,0.0,0.0,0.0,0.0,0.0,0.0,0.0,7.632442923001773,3.70999979973,8.994182952908208,0.170000001788,45.75,0.179999992251,12.819999933275,45.579999998212,4.0,4.0,0.0,4.0,4.0,4.0,4.0,0.0,0.0,0.0,0.0,0.0,0.0,0.0,0.0,0.0,0.0,0.0,0.0,0.0,0.0,0.0,0.0,0.0,51.346835443037975,56.0,17.024583994575295,0.0,74.0,42.0,64.0,74.0,0.0,0.0225877724908174
Trip_1799_VED_180124_week,457,88.9654655,1799,PHEV,Car,4-GAS/ELECTRIC 1.4L,NO DATA,FWD,4000,0.0,0.0,0.0,0.0,0.0,0.0,0.0,0.0,0.0,0.0,0.0,0.0,0.0,0.0,0.0,0.0,0.0,0.0,0.0,0.0,0.0,0.0,0.0,0.0,755.9152714358194,0.0,940.172081897164,0.0,2549.0,0.0,1882.0,2549.0,0.7843139767650003,0.784313976765,2.2210095427371793e-16,0.784313976765,0.784313976765,0.784313976765,0.784313976765,0.0,0.0,0.0,0.0,0.0,0.0,0.0,0.0,0.0,0.0,0.0,0.0,0.0,0.0,0.0,0.0,0.0,0.0,0.0,0.0,0.0,0.0,0.0,0.0,0.0,0.0,0.0,0.0,0.0,0.0,0.0,0.0,0.0,0.1314053779807204,0.0,0.3051720053415108,-1.0,0.5,0.0,0.5,1.5,0.0,0.0,0.0,0.0,0.0,0.0,0.0,0.0,0.0,0.0,0.0,0.0,0.0,0.0,0.0,0.0,40.87625253678336,47.46875,17.9048354613649,0.0,65.921875,33.65625,53.7890625,65.921875,7.8304577683878,0.0138139525278853
Trip_1441_VED_180926_week,560,334.989266167,1441,PHEV,Car,4-GAS/ELECTRIC 1.8L,CVT,FWD,3000,0.0,0.0,0.0,0.0,0.0,0.0,0.0,0.0,0.0,0.0,0.0,0.0,0.0,0.0,0.0,0.0,0.0,0.0,0.0,0.0,0.0,0.0,0.0,0.0,667.2672651933701,0.0,832.4326851087106,0.0,2966.0,0.0,1371.0,2966.0,0.0421270718232044,0.0,0.200948422657691,0.0,1.0,0.0,0.0,1.0,0.0,0.0,0.0,0.0,0.0,0.0,0.0,0.0,0.0,0.0,0.0,0.0,0.0,0.0,0.0,0.0,0.0,0.0,0.0,0.0,0.0,0.0,0.0,0.0,5.268149051167412,0.209999993443,7.080451760479892,0.179999992251,37.5999984741,0.179999992251,10.3499994278,37.419998481849,11.0,11.0,0.0,11.0,11.0,11.0,11.0,0.0,-0.0836282803867403,0.0,1.3240819297247617,-5.46875,4.6875,0.0,0.0,10.15625,-1.887301450276243,-2.34375,3.140331003443748,-4.6875,3.125,-4.6875,0.78125,7.8125,39.5517955801105,44.0,18.303026274058283,0.0,67.0,27.0,54.0,67.0,0.0,0.0087137233758705
Trip_2553_VED_180530_week,449,213.805439704,2553,PHEV,Car,4-GAS/ELECTRIC 2.0L,CVT,FWD,4000,0.0,0.0,0.0,0.0,0.0,0.0,0.0,0.0,747.8260869565217,600.0,278.46142517800706,400.0,1160.0,400.0,960.0,760.0,0.0,0.0,0.0,0.0,0.0,0.0,0.0,0.0,563.2173913043479,0.0,831.140955411363,0.0,2818.0,0.0,1156.0,2818.0,0.0,0.0,0.0,0.0,0.0,0.0,0.0,0.0,0.0,0.0,0.0,0.0,0.0,0.0,0.0,0.0,0.0,0.0,0.0,0.0,0.0,0.0,0.0,0.0,0.0,0.0,0.0,0.0,0.0,0.0,0.0,0.0,5.967309617801523,0.709999978542,10.18282239699373,0.709999978542,41.8499984741,0.709999978542,2.75,41.139998495558,30.291440217391305,30.25,0.8716008896609264,29.0,31.25,29.0,31.0,2.25,0.0,0.0,0.0,0.0,0.0,0.0,0.0,0.0,0.0,0.0,0.0,0.0,0.0,0.0,0.0,0.0,40.709374122470464,53.0200004578,24.544113249134867,0.0,65.5499954224,14.4699993134,60.1749982834,65.5499954224,0.0,0.0446459411773591
Trip_1434_VED_180411_week,561,164.157175231,1434,PHEV,Car,4-GAS/ELECTRIC 2.0L,CVT,FWD,4000,0.0,0.0,0.0,0.0,0.0,0.0,0.0,0.0,0.0,0.0,0.0,0.0,0.0,0.0,0.0,0.0,0.0,0.0,0.0,0.0,0.0,0.0,0.0,0.0,917.0520231213872,684.0,901.5222673016184,0.0,2016.0,0.0,1898.0,2016.0,0.0,0.0,0.0,0.0,0.0,0.0,0.0,0.0,0.0,0.0,0.0,0.0,0.0,0.0,0.0,0.0,0.0,0.0,0.0,0.0,0.0,0.0,0.0,0.0,0.0,0.0,0.0,0.0,0.0,0.0,0.0,0.0,10.268901380847918,4.31999969482,10.14658341807883,0.709999978542,25.2600002289,0.709999978542,21.5499992371,24.550000250358,1.8280346820809248,1.75,0.1819872822017605,1.75,2.25,1.75,1.75,0.5,0.0,0.0,0.0,0.0,0.0,0.0,0.0,0.0,0.0,0.0,0.0,0.0,0.0,0.0,0.0,0.0,58.60462324330058,64.8499984741,15.548792458840555,16.6999988556,75.8399963379,48.1800003052,71.8199996948,59.1399974823,0.0,0.0183221052037769
Trip_898_VED_180725_week,536,272.547307722,898,PHEV,Car,4-GAS/ELECTRIC 1.4L,NO DATA,FWD,4000,0.0,0.0,0.0,0.0,0.0,0.0,0.0,0.0,0.0,0.0,0.0,0.0,0.0,0.0,0.0,0.0,0.0,0.0,0.0,0.0,0.0,0.0,0.0,0.0,1689.4065040650407,1971.0,687.1380876015827,0.0,2324.0,1727.0,2059.0,2324.0,0.3921569883820001,0.392156988382,5.573819165214175e-17,0.392156988382,0.392156988382,0.392156988382,0.392156988382,0.0,0.0,0.0,0.0,0.0,0.0,0.0,0.0,0.0,0.0,0.0,0.0,0.0,0.0,0.0,0.0,0.0,0.0,0.0,0.0,0.0,0.0,0.0,0.0,0.0,0.0,0.0,0.0,0.0,0.0,0.0,0.0,0.0,17.0,17.0,0.0,17.0,17.0,17.0,17.0,0.0,0.0,0.0,0.0,0.0,0.0,0.0,0.0,0.0,0.0,0.0,0.0,0.0,0.0,0.0,0.0,0.0,41.80830792682927,46.65625,12.4610333458932,10.21875,54.515625,36.125,50.25,44.296875,12.992605733375582,0.0144246784955613
Trip_2210_VED_180425_week,449,179.911982509,2210,PHEV,Car,4-GAS/ELECTRIC 2.0L,CVT,FWD,4000,0.0,0.0,0.0,0.0,0.0,0.0,0.0,0.0,0.0,0.0,0.0,0.0,0.0,0.0,0.0,0.0,0.0,0.0,0.0,0.0,0.0,0.0,0.0,0.0,721.3604651162791,0.0,910.9069500471642,0.0,2320.0,0.0,1840.0,2320.0,0.0733735297135232,0.0,0.1218289609018999,0.0,0.329114198685,0.0,0.227848485112,0.329114198685,0.0,0.0,0.0,0.0,0.0,0.0,0.0,0.0,0.0,0.0,0.0,0.0,0.0,0.0,0.0,0.0,0.0,0.0,0.0,0.0,0.0,0.0,0.0,0.0,7.236976611061291,0.709999978542,9.488914108312638,0.709999978542,31.1700000763,0.709999978542,18.9899997711,30.460000097758,19.77906976744186,20.0,0.2490291225458761,19.5,20.0,19.5,20.0,0.5,0.0,0.0,0.0,0.0,0.0,0.0,0.0,0.0,0.0,0.0,0.0,0.0,0.0,0.0,0.0,0.0,44.91965006166529,63.26999855045,29.555876596548377,0.0,73.6299972534,8.317499995230001,70.544998168975,73.6299972534,0.0,0.0479013114811522
Trip_1264_VED_180822_week,560,300.912952861,1264,PHEV,Car,4-GAS/ELECTRIC 1.8L,CVT,FWD,3000,0.0,0.0,0.0,0.0,0.0,0.0,0.0,0.0,157.53348214285714,250.0,157.4741281216389,0.0,350.0,0.0,300.0,350.0,0.0,0.0,0.0,0.0,0.0,0.0,0.0,0.0,614.2176339285714,0.0,805.6783365482311,0.0,3339.0,0.0,1251.75,3339.0,0.5719866071428571,0.0,1.3085761741315045,0.0,5.0,0.0,0.0,5.0,0.0,0.0,0.0,0.0,0.0,0.0,0.0,0.0,0.0,0.0,0.0,0.0,0.0,0.0,0.0,0.0,0.0,0.0,0.0,0.0,0.0,0.0,0.0,0.0,4.724327456596272,0.209999993443,6.688180483696865,0.179999992251,34.4799995422,0.199999988079,9.39999961853,34.299999549949,24.755022321428573,25.0,0.4301339769519071,24.0,25.0,25.0,25.0,1.0,-0.0302995954241071,0.0,1.8903604413368,-15.625,7.03125,0.0,0.0,22.65625,0.433349609375,-0.78125,1.6573730602913377,-0.78125,6.25,-0.78125,1.5625,7.03125,36.312779017857146,41.0,24.52061379531439,0.0,73.0,13.0,59.0,73.0,0.0,0.0099865670028201
Trip_914_VED_180110_week,388,77.4765600926,914,PHEV,Car,4-GAS/ELECTRIC 2.0L,CVT,FWD,4000,0.0,0.0,0.0,0.0,0.0,0.0,0.0,0.0,0.0,0.0,0.0,0.0,0.0,0.0,0.0,0.0,0.0,0.0,0.0,0.0,0.0,0.0,0.0,0.0,1872.382165605096,1770.0,429.5814381320354,1452.0,2800.0,1502.0,2102.0,1348.0,0.0,0.0,0.0,0.0,0.0,0.0,0.0,0.0,0.0,0.0,0.0,0.0,0.0,0.0,0.0,0.0,0.0,0.0,0.0,0.0,0.0,0.0,0.0,0.0,0.0,0.0,0.0,0.0,0.0,0.0,0.0,0.0,19.41948983927637,16.3400001526,10.574194828899262,3.98000001907,38.6299972534,10.5699996948,28.7699985504,34.64999723433,-12.76592356687898,-13.0,0.3486254242424403,-13.0,-12.25,-13.0,-12.25,0.75,0.0,0.0,0.0,0.0,0.0,0.0,0.0,0.0,0.0,0.0,0.0,0.0,0.0,0.0,0.0,0.0,69.39044452016603,73.6199951172,13.95053031201553,2.1099998951,81.3199996948,67.9799957275,77.7699966431,79.2099997997,0.0,0.049149629761145
Trip_1822_VED_180815_week,388,293.744252481,1822,PHEV,Car,4-GAS/ELECTRIC 2.0L,CVT,FWD,4000,0.0,0.0,0.0,0.0,0.0,0.0,0.0,0.0,637.5799086757991,480.0,320.33637571669243,0.0,1200.0,400.0,960.0,1200.0,0.0,0.0,0.0,0.0,0.0,0.0,0.0,0.0,812.6666666666666,0.0,873.0447337036168,0.0,2408.0,0.0,1680.0,2408.0,0.0013583313469586,0.0,0.0045673222254793,0.0,0.0759486928582,0.0,0.0,0.0759486928582,0.0,0.0,0.0,0.0,0.0,0.0,0.0,0.0,0.0,0.0,0.0,0.0,0.0,0.0,0.0,0.0,0.0,0.0,0.0,0.0,0.0,0.0,0.0,0.0,8.689314873660644,0.819999992847,9.742957632194468,0.709999978542,34.5699996948,0.709999978542,17.082499504125,33.859999716258,29.0550799086758,29.25,0.6150771328228613,28.25,29.75,28.25,29.5,1.5,-0.150720605022831,0.0,1.280432044743639,-7.03125,3.125,0.0,0.0,10.15625,-0.4485944634703196,-0.78125,0.5362012838964197,-0.78125,0.78125,-0.78125,0.0,1.5625,50.03048975939068,56.9099998474,22.8817123255524,0.0,80.2900009155,31.359998703,69.90500068665,80.2900009155,0.0,0.0254668440658005
Trip_1510_VED_180606_week,398,222.908792343,1510,PHEV,Car,4-GAS/ELECTRIC 1.8L,CVT,FWD,3000,0.0,0.0,0.0,0.0,0.0,0.0,0.0,0.0,0.0,0.0,0.0,0.0,0.0,0.0,0.0,0.0,0.0,0.0,0.0,0.0,0.0,0.0,0.0,0.0,1122.11540585312,1197.0,885.2909578462306,0.0,3188.0,0.0,1682.0,3188.0,30.306460519050248,30.0,2.5986518404366974,25.0,35.0,29.0,31.0,10.0,0.0,0.0,0.0,0.0,0.0,0.0,0.0,0.0,0.0,0.0,0.0,0.0,0.0,0.0,0.0,0.0,0.0,0.0,0.0,0.0,0.0,0.0,0.0,0.0,8.436808214208224,6.33999967575,8.147089048550777,0.179999992251,29.2099990845,0.930000007153,13.4499998093,29.029999092249003,26.53119823302043,27.0,0.7612824668830989,25.0,28.0,26.0,27.0,3.0,0.0,0.0,0.0,0.0,0.0,0.0,0.0,0.0,0.0,0.0,0.0,0.0,0.0,0.0,0.0,0.0,57.94975151849807,53.0,28.88650325636891,0.0,119.0,39.0,73.0,119.0,0.0,0.0267909521634097
Trip_201_VED_171220_week,560,55.6161698611,201,PHEV,Car,4-GAS/ELECTRIC 1.8L,CVT,FWD,3000,0.0,0.0,0.0,0.0,0.0,0.0,0.0,0.0,0.0,0.0,0.0,0.0,0.0,0.0,0.0,0.0,0.0,0.0,0.0,0.0,0.0,0.0,0.0,0.0,885.7199418815837,822.0,986.3980562585748,0.0,4152.0,0.0,1491.0,4152.0,0.8863058481656375,0.0,1.2326431190897016,0.0,4.0,0.0,1.0,4.0,0.0,0.0,0.0,0.0,0.0,0.0,0.0,0.0,0.0,0.0,0.0,0.0,0.0,0.0,0.0,0.0,0.0,0.0,0.0,0.0,0.0,0.0,0.0,0.0,7.435640947972224,2.25,9.708387769660169,0.170000001788,51.5900001526,0.179999992251,11.8499994278,51.420000150812,0.082818743189248,0.0,0.2756581227479743,0.0,1.0,0.0,0.0,1.0,0.0,0.0,0.0,0.0,0.0,0.0,0.0,0.0,0.0,0.0,0.0,0.0,0.0,0.0,0.0,0.0,45.13294587722485,50.0,20.02127630841205,0.0,72.0,31.0,61.0,72.0,0.0,0.008557054321219
Trip_1754_VED_180221_week,449,117.678668519,1754,PHEV,Car,4-GAS/ELECTRIC 2.0L,CVT,FWD,4000,0.0,0.0,0.0,0.0,0.0,0.0,0.0,0.0,89.41176470588235,0.0,126.77509205712688,0.0,360.0,0.0,200.0,360.0,0.0,0.0,0.0,0.0,0.0,0.0,0.0,0.0,451.7516339869281,0.0,710.3941333108831,0.0,2330.0,0.0,1142.0,2330.0,0.0116377671234962,0.0,0.0514210545762673,0.0,0.240504592657,0.0,0.0,0.240504592657,0.0,0.0,0.0,0.0,0.0,0.0,0.0,0.0,0.0,0.0,0.0,0.0,0.0,0.0,0.0,0.0,0.0,0.0,0.0,0.0,0.0,0.0,0.0,0.0,4.408888769695384,0.709999978542,7.377885925427763,0.709999978542,31.8999996185,0.709999978542,2.09999990463,31.189999639958,7.042483660130719,7.0,0.2231012490078102,6.25,7.25,7.0,7.25,1.0,0.0,0.0,0.0,0.0,0.0,0.0,0.0,0.0,0.0,0.0,0.0,0.0,0.0,0.0,0.0,0.0,27.18747216968188,32.3299980164,16.74521580548764,0.0,52.6499977112,12.7399997711,42.0999984741,52.6499977112,0.0,0.0054391036455131
Trip_1832_VED_180207_week,567,99.9780254074,1832,PHEV,Car,4-GAS/ELECTRIC 1.4L,NO DATA,FWD,4000,0.0,0.0,0.0,0.0,0.0,0.0,0.0,0.0,0.0,0.0,0.0,0.0,0.0,0.0,0.0,0.0,0.0,0.0,0.0,0.0,0.0,0.0,0.0,0.0,1242.4627766599597,1646.0,834.686909576811,0.0,2308.0,0.0,1911.0,2308.0,0.598098594358157,0.392156988382,0.4370053859712037,0.0,1.17647099495,0.392156988382,1.17647099495,1.17647099495,0.0,0.0,0.0,0.0,0.0,0.0,0.0,0.0,0.0,0.0,0.0,0.0,0.0,0.0,0.0,0.0,0.0,0.0,0.0,0.0,0.0,0.0,0.0,0.0,0.0,0.0,0.0,0.0,0.0,0.0,0.0,0.0,-8.086519114688128,-8.0,0.1893307295129987,-8.5,-8.0,-8.0,-8.0,0.5,0.0,0.0,0.0,0.0,0.0,0.0,0.0,0.0,0.0,0.0,0.0,0.0,0.0,0.0,0.0,0.0,54.69385060362173,58.046875,12.746947025410678,3.640625,70.046875,50.796875,63.609375,66.40625,7.168178048530921,0.0037973816142993
Trip_2139_VED_181031_week,398,371.763910185,2139,PHEV,Car,4-GAS/ELECTRIC 1.8L,CVT,FWD,3000,0.0,0.0,0.0,0.0,0.0,0.0,0.0,0.0,0.0,0.0,0.0,0.0,0.0,0.0,0.0,0.0,0.0,0.0,0.0,0.0,0.0,0.0,0.0,0.0,726.1116625310174,0.0,808.9696767278379,0.0,2298.0,0.0,1569.0,2298.0,2.175558312655087,2.0,1.6040987610515391,0.0,4.0,0.0,4.0,4.0,0.0,0.0,0.0,0.0,0.0,0.0,0.0,0.0,0.0,0.0,0.0,0.0,0.0,0.0,0.0,0.0,0.0,0.0,0.0,0.0,0.0,0.0,0.0,0.0,5.550074318389213,1.14999997616,6.467017978296269,0.170000001788,20.5,0.179999992251,12.3099994659,20.329999998212,11.14578163771712,11.0,0.3529966731189833,11.0,12.0,11.0,11.0,1.0,-0.5961150744416873,0.0,2.127908942794781,-14.84375,5.46875,-0.78125,0.0,20.3125,-1.6894773573200992,-2.34375,0.750181649706598,-2.34375,-0.78125,-2.34375,-0.78125,1.5625,39.410049627791565,44.0,16.93222252540774,0.0,69.0,28.0,52.0,69.0,0.0,0.0042121362133538
Trip_795_VED_171227_week,398,59.8676277407,795,PHEV,Car,4-GAS/ELECTRIC 1.8L,CVT,FWD,3000,0.0,0.0,0.0,0.0,0.0,0.0,0.0,0.0,0.0,0.0,0.0,0.0,0.0,0.0,0.0,0.0,0.0,0.0,0.0,0.0,0.0,0.0,0.0,0.0,744.684331797235,746.0,750.0612503910837,0.0,2034.0,0.0,1448.0,2034.0,65.51612903225806,66.0,0.873509415660507,64.0,67.0,66.0,66.0,3.0,0.0,0.0,0.0,0.0,0.0,0.0,0.0,0.0,0.0,0.0,0.0,0.0,0.0,0.0,0.0,0.0,0.0,0.0,0.0,0.0,0.0,0.0,0.0,0.0,6.150668033079202,2.00999999046,6.636299141109775,0.170000001788,19.0599994659,0.170000001788,12.3699998856,18.889999464112,-10.0,-10.0,0.0,-10.0,-10.0,-10.0,-10.0,0.0,0.0,0.0,0.0,0.0,0.0,0.0,0.0,0.0,0.0,0.0,0.0,0.0,0.0,0.0,0.0,0.0,37.55990783410138,40.0,20.355214072696374,0.0,64.0,19.0,57.0,64.0,0.0,0.0201213075477908
Trip_3634_VED_180912_week,457,318.160646074,3634,PHEV,Car,4-GAS/ELECTRIC 1.4L,NO DATA,FWD,4000,0.0,0.0,0.0,0.0,0.0,0.0,0.0,0.0,0.0,0.0,0.0,0.0,0.0,0.0,0.0,0.0,0.0,0.0,0.0,0.0,0.0,0.0,0.0,0.0,970.1522309711286,1427.0,788.2952979466176,0.0,1976.0,0.0,1593.0,1976.0,0.0,0.0,0.0,0.0,0.0,0.0,0.0,0.0,0.0,0.0,0.0,0.0,0.0,0.0,0.0,0.0,0.0,0.0,0.0,0.0,0.0,0.0,0.0,0.0,0.0,0.0,0.0,0.0,0.0,0.0,0.0,0.0,0.0,0.0,0.0,0.0,0.0,0.0,0.0,0.0,13.271653543307089,13.5,0.2493879785843976,13.0,13.5,13.0,13.5,0.5,0.0,0.0,0.0,0.0,0.0,0.0,0.0,0.0,0.0,0.0,0.0,0.0,0.0,0.0,0.0,0.0,49.078125,55.984375,18.471935672353144,0.0,66.53125,53.140625,57.734375,66.53125,7.928529278577222,0.0651096856988514
Trip_853_VED_180530_week,560,215.572783731,853,PHEV,Car,4-GAS/ELECTRIC 1.8L,CVT,FWD,3000,0.0,0.0,0.0,0.0,0.0,0.0,0.0,0.0,15.043074884029158,0.0,96.65784643532966,0.0,850.0,0.0,0.0,850.0,0.0,0.0,0.0,0.0,0.0,0.0,0.0,0.0,579.5745526838966,0.0,843.2187710387896,0.0,3661.0,0.0,1244.0,3661.0,0.6454605699138503,0.0,1.2055339761502264,0.0,4.0,0.0,1.0,4.0,0.0,0.0,0.0,0.0,0.0,0.0,0.0,0.0,0.0,0.0,0.0,0.0,0.0,0.0,0.0,0.0,0.0,0.0,0.0,0.0,0.0,0.0,0.0,0.0,4.405304741105762,0.199999988079,6.980513273515611,0.179999992251,39.4199981689,0.179999992251,9.11999988556,39.239998176649,25.000331345261763,25.0,0.5614389358653185,24.0,26.0,25.0,25.0,2.0,0.0,0.0,0.0,0.0,0.0,0.0,0.0,0.0,0.0,0.0,0.0,0.0,0.0,0.0,0.0,0.0,37.742213386348574,42.0,19.30316927489405,0.0,70.0,22.0,55.0,70.0,0.0,0.0029653100810551
Trip_267_VED_171108_week,536,13.8295159074,267,PHEV,Car,4-GAS/ELECTRIC 1.4L,NO DATA,FWD,4000,0.0,0.0,0.0,0.0,0.0,0.0,0.0,0.0,0.0,0.0,0.0,0.0,0.0,0.0,0.0,0.0,0.0,0.0,0.0,0.0,0.0,0.0,0.0,0.0,1365.9240837696334,1797.0,876.7238928236447,0.0,2609.0,0.0,1966.0,2609.0,0.7083463926278823,0.784313976765,0.3371815886550254,0.392156988382,1.56862795353,0.392156988382,0.784313976765,1.176470965148,0.0,0.0,0.0,0.0,0.0,0.0,0.0,0.0,0.0,0.0,0.0,0.0,0.0,0.0,0.0,0.0,0.0,0.0,0.0,0.0,0.0,0.0,0.0,0.0,0.0,0.0,0.0,0.0,0.0,0.0,0.0,0.0,2.1727748691099475,2.0,0.3785483345248069,2.0,3.0,2.0,2.0,1.0,0.0,0.0,0.0,0.0,0.0,0.0,0.0,0.0,0.0,0.0,0.0,0.0,0.0,0.0,0.0,0.0,43.03157722513089,53.234375,22.20305926813198,0.0,65.46875,36.9375,58.5078125,65.46875,15.836304257398586,0.0239419391114819
Trip_64_VED_171115_week,560,19.6587969907,64,PHEV,Car,4-GAS/ELECTRIC 1.8L,CVT,FWD,3000,0.0,0.0,0.0,0.0,0.0,0.0,0.0,0.0,0.0,0.0,0.0,0.0,0.0,0.0,0.0,0.0,0.0,0.0,0.0,0.0,0.0,0.0,0.0,0.0,752.8443396226415,0.0,971.865704887853,0.0,3668.0,0.0,1560.0,3668.0,2.7523584905660377,2.0,1.8188356488937265,0.0,8.0,2.0,3.0,8.0,0.0,0.0,0.0,0.0,0.0,0.0,0.0,0.0,0.0,0.0,0.0,0.0,0.0,0.0,0.0,0.0,0.0,0.0,0.0,0.0,0.0,0.0,0.0,0.0,6.466353057376945,0.310000002384,9.373032056497436,0.170000001788,47.9799995422,0.179999992251,12.8999996185,47.809999540412,3.2954009433962264,3.0,0.4562900458397736,3.0,4.0,3.0,4.0,1.0,0.0,0.0,0.0,0.0,0.0,0.0,0.0,0.0,0.0,0.0,0.0,0.0,0.0,0.0,0.0,0.0,38.40064858490566,44.0,20.7889545350768,0.0,76.0,22.0,56.0,76.0,0.0,0.0062396178070027
Trip_1469_VED_180530_week,398,216.603452972,1469,PHEV,Car,4-GAS/ELECTRIC 1.8L,CVT,FWD,3000,0.0,0.0,0.0,0.0,0.0,0.0,0.0,0.0,0.0,0.0,0.0,0.0,0.0,0.0,0.0,0.0,0.0,0.0,0.0,0.0,0.0,0.0,0.0,0.0,1058.3118466898954,1303.0,669.3700343577236,0.0,2211.0,0.0,1486.0,2211.0,18.05226480836237,19.0,1.4677641790921503,16.0,21.0,16.0,19.0,5.0,0.0,0.0,0.0,0.0,0.0,0.0,0.0,0.0,0.0,0.0,0.0,0.0,0.0,0.0,0.0,0.0,0.0,0.0,0.0,0.0,0.0,0.0,0.0,0.0,7.935539863195967,8.09000015259,6.850511792955564,0.170000001788,24.8899993896,1.06999993324,12.6700000763,24.719999387812,14.637630662020904,15.0,0.5360106952716842,14.0,16.0,14.0,15.0,2.0,0.0,0.0,0.0,0.0,0.0,0.0,0.0,0.0,0.0,0.0,0.0,0.0,0.0,0.0,0.0,0.0,41.350174216027874,43.0,11.88841480607732,0.0,59.0,37.0,50.0,59.0,0.0,0.0790507716495871
Trip_747_VED_171213_week,398,44.8414405463,747,PHEV,Car,4-GAS/ELECTRIC 1.8L,CVT,FWD,3000,0.0,0.0,0.0,0.0,0.0,0.0,0.0,0.0,0.0,0.0,0.0,0.0,0.0,0.0,0.0,0.0,0.0,0.0,0.0,0.0,0.0,0.0,0.0,0.0,737.2885771543087,985.0,725.3708968920204,0.0,2147.0,0.0,1381.0,2147.0,5.921843687374749,6.0,1.384080543713356,4.0,9.0,5.0,7.0,5.0,0.0,0.0,0.0,0.0,0.0,0.0,0.0,0.0,0.0,0.0,0.0,0.0,0.0,0.0,0.0,0.0,0.0,0.0,0.0,0.0,0.0,0.0,0.0,0.0,5.112017244290888,2.27999997139,6.156256526314947,0.170000001788,22.0100002289,0.170000001788,10.3699998856,21.840000227112,-6.466933867735471,-7.0,0.8202864156980051,-7.0,-4.0,-7.0,-6.0,3.0,0.0,0.0,0.0,0.0,0.0,0.0,0.0,0.0,0.0,0.0,0.0,0.0,0.0,0.0,0.0,0.0,32.447561790247164,35.0,15.21411649232608,0.0,62.0,23.0,43.0,62.0,0.0,0.0078952682422415
Trip_2178_VED_180725_week,561,273.867018463,2178,PHEV,Car,4-GAS/ELECTRIC 2.0L,CVT,FWD,4000,0.0,0.0,0.0,0.0,0.0,0.0,0.0,0.0,853.6378466557912,880.0,513.7475849568058,320.0,1800.0,480.0,880.0,1480.0,0.0,0.0,0.0,0.0,0.0,0.0,0.0,0.0,1580.3491027732464,1692.0,1079.344870056068,0.0,3070.0,616.0,2604.0,3070.0,0.0,0.0,0.0,0.0,0.0,0.0,0.0,0.0,0.0,0.0,0.0,0.0,0.0,0.0,0.0,0.0,0.0,0.0,0.0,0.0,0.0,0.0,0.0,0.0,0.0,0.0,0.0,0.0,0.0,0.0,0.0,0.0,15.519885438884431,11.1199998856,14.036717693974778,0.709999978542,45.3899993896,2.09999990463,27.8499984741,44.679999411058,28.97716150081566,29.0,0.2013242962011319,28.75,29.25,28.75,29.25,0.5,0.0637234910277324,0.0,1.3779671386735837,-4.6875,4.6875,0.0,0.0,9.375,-5.543943719412725,-6.25,0.96787978820152,-6.25,-3.90625,-6.25,-4.6875,2.34375,91.33730635403155,105.839996338,28.77858009704077,6.42000007629,115.930000305,67.1999969482,111.909996033,109.51000022871,0.0,0.0179583649442866
Trip_2930_VED_181010_week,550,350.492406102,2930,PHEV,Car,4-GAS/ELECTRIC 1.4L,NO DATA,FWD,4000,0.0,0.0,0.0,0.0,0.0,0.0,0.0,0.0,0.0,0.0,0.0,0.0,0.0,0.0,0.0,0.0,0.0324324317075675,0.0,0.0644674124220119,0.0,0.159999996424,0.0,0.0,0.159999996424,1183.963963963964,1446.5,647.4877860505698,0.0,1717.0,1388.0,1607.0,1717.0,99.60787200929998,99.6078720093,1.4242969682069343e-14,99.6078720093,99.6078720093,99.6078720093,99.6078720093,0.0,5112.1621621621625,6200.0,1150.9137863976566,3900.0,6200.0,3900.0,6200.0,2300.0,0.0,0.0,0.0,0.0,0.0,0.0,0.0,0.0,0.0,0.0,0.0,0.0,0.0,0.0,0.0,0.0,0.0,0.0,0.0,0.0,0.0,0.0,0.0,0.0,5.297297297297297,4.5,1.603698184187259,4.0,8.0,4.5,8.0,4.0,0.0,0.0,0.0,0.0,0.0,0.0,0.0,0.0,0.0,0.0,0.0,0.0,0.0,0.0,0.0,0.0,61.22733671171172,66.1015625,13.809341309816302,24.0625,77.34375,58.0625,70.234375,53.28125,5.763660740401861,0.0069422750986992
Trip_893_VED_180117_week,561,78.7976123241,893,PHEV,Car,4-GAS/ELECTRIC 2.0L,CVT,FWD,4000,0.0,0.0,0.0,0.0,0.0,0.0,0.0,0.0,0.0,0.0,0.0,0.0,0.0,0.0,0.0,0.0,0.0,0.0,0.0,0.0,0.0,0.0,0.0,0.0,801.9864472410455,28.0,883.5505341109657,0.0,2332.0,0.0,1858.0,2332.0,0.0,0.0,0.0,0.0,0.0,0.0,0.0,0.0,0.0,0.0,0.0,0.0,0.0,0.0,0.0,0.0,0.0,0.0,0.0,0.0,0.0,0.0,0.0,0.0,0.0,0.0,0.0,0.0,0.0,0.0,0.0,0.0,8.390057907964934,2.24000000954,10.14418300165307,0.709999978542,34.5299987793,0.709999978542,19.1399993896,33.819998800758,-6.495159728944821,-6.5,0.4889533579838135,-7.25,-5.5,-7.0,-6.25,1.75,0.0,0.0,0.0,0.0,0.0,0.0,0.0,0.0,0.0,0.0,0.0,0.0,0.0,0.0,0.0,0.0,41.09148987542892,50.0200004578,22.24758443059033,0.0,70.939994812,27.359998703,57.4899978638,70.939994812,0.0,0.0052415314862677
Trip_3170_VED_180711_week,457,255.959563639,3170,PHEV,Car,4-GAS/ELECTRIC 1.4L,NO DATA,FWD,4000,0.0,0.0,0.0,0.0,0.0,0.0,0.0,0.0,0.0,0.0,0.0,0.0,0.0,0.0,0.0,0.0,1.5191000547404887,1.48000001907,0.1860419551772839,1.36000001431,2.55999994278,1.39999997616,1.63999998569,1.1999999284700005,1211.6795965865012,1706.0,918.4314059401652,0.0,2611.0,0.0,1952.0,2611.0,0.7843139767650001,0.784313976765,1.110653928202268e-16,0.784313976765,0.784313976765,0.784313976765,0.784313976765,0.0,900.0,900.0,0.0,900.0,900.0,900.0,900.0,0.0,0.0,0.0,0.0,0.0,0.0,0.0,0.0,0.0,0.0,0.0,0.0,0.0,0.0,0.0,0.0,0.0,0.0,0.0,0.0,0.0,0.0,0.0,0.0,0.0,29.10124127230411,29.5,0.4388349322904684,28.5,29.5,28.5,29.5,1.0,0.0,0.0,0.0,0.0,0.0,0.0,0.0,0.0,0.0,0.0,0.0,0.0,0.0,0.0,0.0,0.0,49.52684978665632,56.5,21.521245865409885,0.0,76.71875,39.71875,64.984375,76.71875,8.37763294825894,0.0223129887081344
Trip_978_VED_180124_week,388,88.047423463,978,PHEV,Car,4-GAS/ELECTRIC 2.0L,CVT,FWD,4000,0.0,0.0,0.0,0.0,0.0,0.0,0.0,0.0,0.0,0.0,0.0,0.0,0.0,0.0,0.0,0.0,0.0,0.0,0.0,0.0,0.0,0.0,0.0,0.0,1216.477718360071,1496.0,753.8368997187932,0.0,2732.0,584.0,1602.0,2732.0,0.0050768121054329,0.0,0.0318921917740585,0.0,0.227848485112,0.0,0.0,0.227848485112,0.0,0.0,0.0,0.0,0.0,0.0,0.0,0.0,0.0,0.0,0.0,0.0,0.0,0.0,0.0,0.0,0.0,0.0,0.0,0.0,0.0,0.0,0.0,0.0,11.59761113077419,11.4699993134,8.69728949336912,0.709999978542,42.5,3.89999985695,16.6199989319,41.790000021458,-3.525401069518717,-3.75,0.2899369844076907,-3.75,-2.75,-3.75,-3.5,1.0,0.0,0.0,0.0,0.0,0.0,0.0,0.0,0.0,0.0,0.0,0.0,0.0,0.0,0.0,0.0,0.0,47.6160595460049,56.2599983215,26.36565579352997,0.0,79.0099945068,27.7899990082,68.0,79.0099945068,0.0,0.0282065436046954
Trip_1015_VED_180919_week,536,326.035916352,1015,PHEV,Car,4-GAS/ELECTRIC 1.4L,NO DATA,FWD,4000,0.0,0.0,0.0,0.0,0.0,0.0,0.0,0.0,0.0,0.0,0.0,0.0,0.0,0.0,0.0,0.0,0.0,0.0,0.0,0.0,0.0,0.0,0.0,0.0,1207.4291338582675,1565.0,839.7927568184787,0.0,2651.0,0.0,1841.0,2651.0,1.17647099495,1.17647099495,0.0,1.17647099495,1.17647099495,1.17647099495,1.17647099495,0.0,0.0,0.0,0.0,0.0,0.0,0.0,0.0,0.0,0.0,0.0,0.0,0.0,0.0,0.0,0.0,0.0,0.0,0.0,0.0,0.0,0.0,0.0,0.0,0.0,0.0,0.0,0.0,0.0,0.0,0.0,0.0,0.0,20.0,20.0,0.0,20.0,20.0,20.0,20.0,0.0,0.0,0.0,0.0,0.0,0.0,0.0,0.0,0.0,0.0,0.0,0.0,0.0,0.0,0.0,0.0,0.0,41.87567667322835,51.7890625,21.10871227058408,0.0,66.21875,27.546875,57.890625,66.21875,10.72946066195244,0.0304532575028087
Trip_1785_VED_180711_week,542,256.671775759,1785,PHEV,Car,4-GAS/ELECTRIC 1.4L,NO DATA,FWD,4000,0.0,0.0,0.0,0.0,0.0,0.0,0.0,0.0,0.0,0.0,0.0,0.0,0.0,0.0,0.0,0.0,0.7213082053612995,0.719999969006,0.2829434766043841,0.0,1.31999993324,0.560000002384,1.0,1.31999993324,1007.5371655104065,1477.0,920.5024113719426,0.0,2724.0,0.0,1850.0,2724.0,0.320255062861123,0.392156988382,0.2347099908040052,0.0,0.784313976765,0.0,0.392156988382,0.784313976765,0.0,0.0,0.0,0.0,0.0,0.0,0.0,0.0,0.0,0.0,0.0,0.0,0.0,0.0,0.0,0.0,0.0,0.0,0.0,0.0,0.0,0.0,0.0,0.0,0.0,0.0,0.0,0.0,0.0,0.0,0.0,0.0,28.60802775024777,29.0,0.6157852252803766,27.5,29.5,28.0,29.0,2.0,0.0,0.0,0.0,0.0,0.0,0.0,0.0,0.0,0.0,0.0,0.0,0.0,0.0,0.0,0.0,0.0,44.96647361248761,48.328125,21.76535452427832,0.0,80.765625,31.484375,61.828125,80.765625,7.294682991856656,0.0241329264635725
Trip_763_VED_180516_week,560,199.580579861,763,PHEV,Car,4-GAS/ELECTRIC 1.8L,CVT,FWD,3000,0.0,0.0,0.0,0.0,0.0,0.0,0.0,0.0,146.73275621334824,250.0,130.53047467083013,0.0,300.0,0.0,250.0,300.0,0.0,0.0,0.0,0.0,0.0,0.0,0.0,0.0,621.5959229265568,0.0,838.4376619243039,0.0,3491.0,0.0,1335.0,3491.0,1.059759843619101,1.0,1.2979583660358422,0.0,5.0,0.0,2.0,5.0,0.0,0.0,0.0,0.0,0.0,0.0,0.0,0.0,0.0,0.0,0.0,0.0,0.0,0.0,0.0,0.0,0.0,0.0,0.0,0.0,0.0,0.0,0.0,0.0,4.778670642818206,0.199999988079,7.04833152025707,0.179999992251,38.2599983215,0.179999992251,10.1700000763,38.079998329249,18.92879084054733,19.0,0.5590398953242297,18.0,20.0,19.0,19.0,2.0,0.0,0.0,0.0,0.0,0.0,0.0,0.0,0.0,0.0,0.0,0.0,0.0,0.0,0.0,0.0,0.0,34.57190728846691,35.0,19.13993407775741,0.0,69.0,20.0,51.0,69.0,0.0,0.0074103817634166
